{"glioma": {"precision": 1.0, "recall": 1.0, "f1-score": 1.0, "support": 150.0}, "meningioma": {"precision": 0.9935064935064936, "recall": 1.0, "f1-score": 0.996742671009772, "support": 153.0}, "notumor": {"precision": 1.0, "recall": 1.0, "f1-score": 1.0, "support": 202.0}, "pituitary": {"precision": 1.0, "recall": 0.9933333333333333, "f1-score": 0.9966555183946488, "support": 150.0}, "accuracy": 0.9984732824427481, "macro avg": {"precision": 0.9983766233766234, "recall": 0.9983333333333333, "f1-score": 0.9983495473511053, "support": 655.0}, "weighted avg": {"precision": 0.9984831961931199, "recall": 0.9984732824427481, "f1-score": 0.9984732159140343, "support": 655.0}}