{"glioma": {"precision": 0.9933774834437086, "recall": 1.0, "f1-score": 0.9966777408637874, "support": 150.0}, "meningioma": {"precision": 1.0, "recall": 1.0, "f1-score": 1.0, "support": 153.0}, "notumor": {"precision": 1.0, "recall": 1.0, "f1-score": 1.0, "support": 202.0}, "pituitary": {"precision": 1.0, "recall": 0.9933333333333333, "f1-score": 0.9966555183946488, "support": 150.0}, "accuracy": 0.9984732824427481, "macro avg": {"precision": 0.9983443708609272, "recall": 0.9983333333333333, "f1-score": 0.998333314814609, "support": 655.0}, "weighted avg": {"precision": 0.9984833931550477, "recall": 0.9984732824427481, "f1-score": 0.9984732654790311, "support": 655.0}}