{"0": {"precision": 1.0, "recall": 0.9975786924939467, "f1-score": 0.9987878787878788, "support": 826.0}, "1": {"precision": 0.9939467312348669, "recall": 0.9987834549878345, "f1-score": 0.9963592233009708, "support": 822.0}, "2": {"precision": 1.0, "recall": 1.0, "f1-score": 1.0, "support": 395.0}, "3": {"precision": 0.9987878787878788, "recall": 0.9963724304715841, "f1-score": 0.9975786924939467, "support": 827.0}, "accuracy": 0.9979094076655052, "macro avg": {"precision": 0.9981836525056864, "recall": 0.9981836444883413, "f1-score": 0.998181448645699, "support": 2870.0}, "weighted avg": {"precision": 0.997916999593253, "recall": 0.9979094076655052, "f1-score": 0.997910678789087, "support": 2870.0}}