{"11": {"CR": {"0": {"precision": 0.9954565440422102, "recall": 0.9709792709077912, "f1-score": 0.9830655666521928, "support": 13990.0}, "1": {"precision": 0.9970102004924376, "recall": 0.9551811288963774, "f1-score": 0.9756475346355735, "support": 11870.0}, "2": {"precision": 0.932530883750396, "recall": 0.9991515357203462, "f1-score": 0.9646923896125174, "support": 11786.0}, "3": {"precision": 0.993033670592138, "recall": 0.993033670592138, "f1-score": 0.993033670592138, "support": 12058.0}, "accuracy": 0.9792370835345244, "macro avg": {"precision": 0.9795078247192954, "recall": 0.9795864015291632, "f1-score": 0.9791097903731054, "support": 49704.0}, "weighted avg": {"precision": 0.9803186288201738, "recall": 0.9792370835345244, "f1-score": 0.9793555451786891, "support": 49704.0}}, "MCC": 0.9725613067461705, "AUC": {"glioma": 0.999460154080089, "meningioma": 0.9996796140315702, "notumor": 0.9998578120834793, "pituitary": 0.9998568871467871}}, "13": {"CR": {"0": {"precision": 0.9962814645308925, "recall": 0.9958541815582559, "f1-score": 0.9960677772217059, "support": 13990.0}, "1": {"precision": 0.9916093304245679, "recall": 0.9956192080876158, "f1-score": 0.9936102236421726, "support": 11870.0}, "2": {"precision": 0.9925763455373714, "recall": 0.9983030714406923, "f1-score": 0.9954314720812183, "support": 11786.0}, "3": {"precision": 0.9991630398393037, "recall": 0.9900481008459114, "f1-score": 0.9945846871615429, "support": 12058.0}, "accuracy": 0.9949702237244488, "macro avg": {"precision": 0.9949075450830338, "recall": 0.9949561404831189, "f1-score": 0.99492354002666, "support": 49704.0}, "weighted avg": {"precision": 0.9949861818729395, "recall": 0.9949702237244488, "f1-score": 0.9949702045249352, "support": 49704.0}}, "MCC": 0.9932869263144715, "AUC": {"glioma": 0.9999212391125863, "meningioma": 0.9999171345725724, "notumor": 0.9999866279272768, "pituitary": 0.999979345081711}}, "16": {"CR": {"0": {"precision": 0.9948994462255902, "recall": 0.9759828448892066, "f1-score": 0.9853503644367467, "support": 13990.0}, "1": {"precision": 0.9969418960244648, "recall": 0.9887110362257793, "f1-score": 0.9928094069875645, "support": 11870.0}, "2": {"precision": 0.9575885602859928, "recall": 1.0, "f1-score": 0.9783348551506599, "support": 11786.0}, "3": {"precision": 0.999327731092437, "recall": 0.9862332061701775, "f1-score": 0.9927372902579514, "support": 12058.0}, "accuracy": 0.9872042491549976, "macro avg": {"precision": 0.9871894084071212, "recall": 0.9877317718212908, "f1-score": 0.9873079792082307, "support": 49704.0}, "weighted avg": {"precision": 0.9876141982848406, "recall": 0.9872042491549976, "f1-score": 0.9872601824430334, "support": 49704.0}}, "MCC": 0.9830148387339299, "AUC": {"glioma": 0.9984572376936413, "meningioma": 0.9998843794149043, "notumor": 0.999875319295157, "pituitary": 0.9999188430898288}}}