{"0": {"precision": 0.9948994462255902, "recall": 0.9759828448892066, "f1-score": 0.9853503644367467, "support": 13990.0}, "1": {"precision": 0.9969418960244648, "recall": 0.9887110362257793, "f1-score": 0.9928094069875645, "support": 11870.0}, "2": {"precision": 0.9575885602859928, "recall": 1.0, "f1-score": 0.9783348551506599, "support": 11786.0}, "3": {"precision": 0.999327731092437, "recall": 0.9862332061701775, "f1-score": 0.9927372902579514, "support": 12058.0}, "accuracy": 0.9872042491549976, "macro avg": {"precision": 0.9871894084071212, "recall": 0.9877317718212908, "f1-score": 0.9873079792082307, "support": 49704.0}, "weighted avg": {"precision": 0.9876141982848406, "recall": 0.9872042491549976, "f1-score": 0.9872601824430334, "support": 49704.0}}